-- MySQL dump 10.13  Distrib 5.1.45, for Win64 (unknown)
--
-- Host: localhost    Database: test
-- ------------------------------------------------------
-- Server version	5.1.45-community

/*!40101 SET @OLD_CHARACTER_SET_CLIENT=@@CHARACTER_SET_CLIENT */;
/*!40101 SET @OLD_CHARACTER_SET_RESULTS=@@CHARACTER_SET_RESULTS */;
/*!40101 SET @OLD_COLLATION_CONNECTION=@@COLLATION_CONNECTION */;
/*!40101 SET NAMES utf8 */;
/*!40103 SET @OLD_TIME_ZONE=@@TIME_ZONE */;
/*!40103 SET TIME_ZONE='+00:00' */;
/*!40014 SET @OLD_UNIQUE_CHECKS=@@UNIQUE_CHECKS, UNIQUE_CHECKS=0 */;
/*!40014 SET @OLD_FOREIGN_KEY_CHECKS=@@FOREIGN_KEY_CHECKS, FOREIGN_KEY_CHECKS=0 */;
/*!40101 SET @OLD_SQL_MODE=@@SQL_MODE, SQL_MODE='NO_AUTO_VALUE_ON_ZERO' */;
/*!40111 SET @OLD_SQL_NOTES=@@SQL_NOTES, SQL_NOTES=0 */;

--
-- Table structure for table `story`
--

DROP TABLE IF EXISTS `story`;
/*!40101 SET @saved_cs_client     = @@character_set_client */;
/*!40101 SET character_set_client = utf8 */;
CREATE TABLE `story` (
  `id` int(11) NOT NULL AUTO_INCREMENT,
  `avt` varchar(100) DEFAULT NULL,
  `name` varchar(100) NOT NULL,
  `title` varchar(100) NOT NULL,
  `chap_count` smallint(6) NOT NULL DEFAULT '0',
  `updated` varchar(50) NOT NULL DEFAULT '1 giờ',
  `rate_count` mediumint(9) NOT NULL DEFAULT '0',
  PRIMARY KEY (`id`),
  UNIQUE KEY `name` (`name`),
  UNIQUE KEY `title` (`title`)
) ENGINE=InnoDB AUTO_INCREMENT=27 DEFAULT CHARSET=utf8;
/*!40101 SET character_set_client = @saved_cs_client */;

--
-- Dumping data for table `story`
--

LOCK TABLES `story` WRITE;
/*!40000 ALTER TABLE `story` DISABLE KEYS */;
INSERT INTO `story` VALUES (19,'/toi-muon-tro-thanh-tieu-thu-cong-tuoc-phe-vat_avt.jpg','toi-muon-tro-thanh-tieu-thu-cong-tuoc-phe-vat','Tôi Muốn Trở Thành Tiểu Thư Công Tước Phế Vật',58,' 34 phút',164),(20,'/thai-hau-quan-ha-than_avt.jpg','thai-hau-quan-ha-than','Thái Hậu Quân Hạ Thần',8,' 9 phút',15),(21,'/tan-nuong-long-toc_avt.jpg','tan-nuong-long-toc','Tân Nương Long Tộc',23,' 60 phút',86),(22,'/dua-mami-ve-nha_avt.jpg','dua-mami-ve-nha','Đưa Mami Về Nhà',308,' 1 giờ',215),(23,'/vuong-gia-khong-nen-a_avt.jpg','vuong-gia-khong-nen-a','Vương Gia! Không Nên A!',360,' 2 giờ',88),(24,'/an-hon-100-choc-tuc-vo-yeu-mua-mot-tang-mot_avt.jpg','an-hon-100-choc-tuc-vo-yeu-mua-mot-tang-mot','Ẩn Hôn 100%: Chọc Tức Vợ Yêu Mua Một Tặng Một',239,' 2 giờ',102),(26,'/ma-vuong-sau-bo-vest-tong-tai-kho-chieu-cua-khong-noi_avt.jpg','ma-vuong-sau-bo-vest-tong-tai-kho-chieu-cua-khong-noi','Ma Vương Sau Bộ Vest: Tổng Tài Khó Chiều Cưa Không Nổi',44,' 35 phút',76);
/*!40000 ALTER TABLE `story` ENABLE KEYS */;
UNLOCK TABLES;

--
-- Table structure for table `story_detail`
--

DROP TABLE IF EXISTS `story_detail`;
/*!40101 SET @saved_cs_client     = @@character_set_client */;
/*!40101 SET character_set_client = utf8 */;
CREATE TABLE `story_detail` (
  `story_id` int(11) NOT NULL,
  `dif_name` varchar(50) NOT NULL,
  `author` varchar(50) NOT NULL,
  `sub_team` varchar(50) NOT NULL,
  `status` varchar(50) NOT NULL,
  `created` varchar(50) NOT NULL DEFAULT '1970-01-01',
  `view` varchar(20) NOT NULL DEFAULT '0',
  `category` varchar(50) NOT NULL,
  UNIQUE KEY `story_id` (`story_id`)
) ENGINE=InnoDB DEFAULT CHARSET=utf8;
/*!40101 SET character_set_client = @saved_cs_client */;

--
-- Dumping data for table `story_detail`
--

LOCK TABLES `story_detail` WRITE;
/*!40000 ALTER TABLE `story_detail` DISABLE KEYS */;
INSERT INTO `story_detail` VALUES (0,'Không có','Hữu Độc Quân, Đông Ảnh Studio',' Ngôn Phong','Đang tiến hành',' 12/06/2020 ','842.4K','Đô Thị-Ngôn Tình-Hào Môn Thế Gia-#Tổng Tài-'),(19,'Không có','Diego',' Ngôn Phong','Đang tiến hành',' 20/05/2020 ','843.6K','Cổ Đại-Xuyên Không-Ngôn Tình-Hài Hước-'),(20,'Dưới Thân Thái Hậu','Quả Táo Nhỏ Lại Thêm Quả Táo Nhỏ','A3','Đang tiến hành',' 20/11/2020 ','49.3K','Cổ Đại-Cung Đấu-Ngôn Tình-'),(21,'Không có','Hữu Lộc Văn Hóa',' Ngôn Phong','Đang tiến hành',' 07/07/2020 ','399K','Huyền Huyễn-Thanh Xuân Vườn Trường-Ngôn Tình-'),(22,'Bắt Mami Về Nhà, Tóm Mami Mang Về Ôm','Thập Nhị','Ổ Cú Mèo','Đang tiến hành',' 25/11/2019 ','3.9M','Tiền Hôn Hậu Ái-Ngôn Tình-Đô Thị-Hào Môn Thế Gia-'),(23,'Không có','Đang cập nhật',' Ngôn Phong','Đang tiến hành',' 28/09/2016 ','1.8M','Cổ Đại-Cung Đấu-Hài Hước-Ngôn Tình-#Vương Gia-'),(24,'Không có','Đang cập nhật','NTruyen','Đang tiến hành',' 15/09/2019 ','2.1M','Đô Thị-Hào Môn Thế Gia-Tiền Hôn Hậu Ái-Ngôn Tình-'),(26,'Không có','Hữu Độc Quân, Đông Ảnh Studio',' Ngôn Phong','Đang tiến hành',' 12/06/2020 ','842.4K','Đô Thị-Ngôn Tình-Hào Môn Thế Gia-#Tổng Tài-');
/*!40000 ALTER TABLE `story_detail` ENABLE KEYS */;
UNLOCK TABLES;

--
-- Table structure for table `chapter_content`
--

DROP TABLE IF EXISTS `chapter_content`;
/*!40101 SET @saved_cs_client     = @@character_set_client */;
/*!40101 SET character_set_client = utf8 */;
CREATE TABLE `chapter_content` (
  `chap_name` varchar(30) NOT NULL,
  `story_id` int(11) NOT NULL,
  `image_path` varchar(50) NOT NULL,
  UNIQUE KEY `image_path` (`image_path`)
) ENGINE=InnoDB DEFAULT CHARSET=utf8;
/*!40101 SET character_set_client = @saved_cs_client */;

--
-- Dumping data for table `chapter_content`
--

LOCK TABLES `chapter_content` WRITE;
/*!40000 ALTER TABLE `chapter_content` DISABLE KEYS */;
INSERT INTO `chapter_content` VALUES ('chap-19',21,'chap-190.jpg.jpg'),('chap-19',21,'chap-191.jpg.jpg'),('chap-19',21,'chap-1910.jpg.jpg'),('chap-19',21,'chap-1911.jpg.jpg'),('chap-19',21,'chap-1912.jpg.jpg'),('chap-19',21,'chap-1913.jpg.jpg'),('chap-19',21,'chap-1914.jpg.jpg'),('chap-19',21,'chap-1915.jpg.jpg'),('chap-19',21,'chap-1916.jpg.jpg'),('chap-19',21,'chap-192.jpg.jpg'),('chap-19',21,'chap-193.jpg.jpg'),('chap-19',21,'chap-194.jpg.jpg'),('chap-19',21,'chap-195.jpg.jpg'),('chap-19',21,'chap-196.jpg.jpg'),('chap-19',21,'chap-197.jpg.jpg'),('chap-19',21,'chap-198.jpg.jpg'),('chap-19',21,'chap-199.jpg.jpg'),('chap-20',21,'chap-200.jpg.jpg'),('chap-20',21,'chap-201.jpg.jpg'),('chap-20',21,'chap-2010.jpg.jpg'),('chap-20',21,'chap-2011.jpg.jpg'),('chap-20',21,'chap-2012.jpg.jpg'),('chap-20',21,'chap-2013.jpg.jpg'),('chap-20',21,'chap-202.jpg.jpg'),('chap-20',21,'chap-203.jpg.jpg'),('chap-20',21,'chap-204.jpg.jpg'),('chap-20',21,'chap-205.jpg.jpg'),('chap-20',21,'chap-206.jpg.jpg'),('chap-20',21,'chap-207.jpg.jpg'),('chap-20',21,'chap-208.jpg.jpg'),('chap-20',21,'chap-209.jpg.jpg'),('chap-21',21,'chap-210.jpg.jpg'),('chap-21',21,'chap-211.jpg.jpg'),('chap-21',21,'chap-2110.jpg.jpg'),('chap-21',21,'chap-2111.jpg.jpg'),('chap-21',21,'chap-2112.jpg.jpg'),('chap-21',21,'chap-2113.jpg.jpg'),('chap-21',21,'chap-2114.jpg.jpg'),('chap-21',21,'chap-2115.jpg.jpg'),('chap-21',21,'chap-212.jpg.jpg'),('chap-21',21,'chap-213.jpg.jpg'),('chap-21',21,'chap-214.jpg.jpg'),('chap-21',21,'chap-215.jpg.jpg'),('chap-21',21,'chap-216.jpg.jpg'),('chap-21',21,'chap-217.jpg.jpg'),('chap-21',21,'chap-218.jpg.jpg'),('chap-21',21,'chap-219.jpg.jpg'),('chap-22',21,'chap-220.jpg.jpg'),('chap-22',21,'chap-221.jpg.jpg'),('chap-22',21,'chap-2210.jpg.jpg'),('chap-22',21,'chap-2211.jpg.jpg'),('chap-22',21,'chap-2212.jpg.jpg'),('chap-22',21,'chap-2213.jpg.jpg'),('chap-22',21,'chap-2214.jpg.jpg'),('chap-22',21,'chap-2215.jpg.jpg'),('chap-22',21,'chap-2216.jpg.jpg'),('chap-22',21,'chap-222.jpg.jpg'),('chap-22',21,'chap-223.jpg.jpg'),('chap-22',21,'chap-224.jpg.jpg'),('chap-22',21,'chap-225.jpg.jpg'),('chap-22',21,'chap-226.jpg.jpg'),('chap-22',21,'chap-227.jpg.jpg'),('chap-22',21,'chap-228.jpg.jpg'),('chap-22',21,'chap-229.jpg.jpg'),('chap-23',21,'chap-230.jpg.jpg'),('chap-23',21,'chap-231.jpg.jpg'),('chap-23',21,'chap-2310.jpg.jpg'),('chap-23',21,'chap-2311.jpg.jpg'),('chap-23',21,'chap-2312.jpg.jpg'),('chap-23',21,'chap-2313.jpg.jpg'),('chap-23',21,'chap-2314.jpg.jpg'),('chap-23',21,'chap-2315.jpg.jpg'),('chap-23',21,'chap-2316.jpg.jpg'),('chap-23',21,'chap-2317.jpg.jpg'),('chap-23',21,'chap-2318.jpg.jpg'),('chap-23',21,'chap-232.jpg.jpg'),('chap-23',21,'chap-233.jpg.jpg'),('chap-23',21,'chap-234.jpg.jpg'),('chap-23',21,'chap-235.jpg.jpg'),('chap-235',24,'chap-2350.jpg.jpg'),('chap-235',24,'chap-2351.jpg.jpg'),('chap-235',24,'chap-23510.jpg.jpg'),('chap-235',24,'chap-23511.jpg.jpg'),('chap-235',24,'chap-23512.jpg.jpg'),('chap-235',24,'chap-23513.jpg.jpg'),('chap-235',24,'chap-23514.jpg.jpg'),('chap-235',24,'chap-23515.jpg.jpg'),('chap-235',24,'chap-23516.jpg.jpg'),('chap-235',24,'chap-23517.jpg.jpg'),('chap-235',24,'chap-23518.jpg.jpg'),('chap-235',24,'chap-23519.jpg.jpg'),('chap-235',24,'chap-2352.jpg.jpg'),('chap-235',24,'chap-23520.jpg.jpg'),('chap-235',24,'chap-23521.jpg.jpg'),('chap-235',24,'chap-23522.jpg.jpg'),('chap-235',24,'chap-23523.jpg.jpg'),('chap-235',24,'chap-23524.jpg.jpg'),('chap-235',24,'chap-2353.jpg.jpg'),('chap-235',24,'chap-2354.jpg.jpg'),('chap-235',24,'chap-2355.jpg.jpg'),('chap-235',24,'chap-2356.jpg.jpg'),('chap-235',24,'chap-2357.jpg.jpg'),('chap-235',24,'chap-2358.jpg.jpg'),('chap-235',24,'chap-2359.jpg.jpg'),('chap-23',21,'chap-236.jpg.jpg'),('chap-236',24,'chap-2360.jpg.jpg'),('chap-236',24,'chap-2361.jpg.jpg'),('chap-236',24,'chap-23610.jpg.jpg'),('chap-236',24,'chap-23611.jpg.jpg'),('chap-236',24,'chap-23612.jpg.jpg'),('chap-236',24,'chap-23613.jpg.jpg'),('chap-236',24,'chap-23614.jpg.jpg'),('chap-236',24,'chap-23615.jpg.jpg'),('chap-236',24,'chap-23616.jpg.jpg'),('chap-236',24,'chap-23617.jpg.jpg'),('chap-236',24,'chap-23618.jpg.jpg'),('chap-236',24,'chap-23619.jpg.jpg'),('chap-236',24,'chap-2362.jpg.jpg'),('chap-236',24,'chap-23620.jpg.jpg'),('chap-236',24,'chap-23621.jpg.jpg'),('chap-236',24,'chap-23622.jpg.jpg'),('chap-236',24,'chap-23623.jpg.jpg'),('chap-236',24,'chap-23624.jpg.jpg'),('chap-236',24,'chap-23625.jpg.jpg'),('chap-236',24,'chap-23626.jpg.jpg'),('chap-236',24,'chap-2363.jpg.jpg'),('chap-236',24,'chap-2364.jpg.jpg'),('chap-236',24,'chap-2365.jpg.jpg'),('chap-236',24,'chap-2366.jpg.jpg'),('chap-236',24,'chap-2367.jpg.jpg'),('chap-236',24,'chap-2368.jpg.jpg'),('chap-236',24,'chap-2369.jpg.jpg'),('chap-23',21,'chap-237.jpg.jpg'),('chap-237',24,'chap-2370.jpg.jpg'),('chap-237',24,'chap-2371.jpg.jpg'),('chap-237',24,'chap-23710.jpg.jpg'),('chap-237',24,'chap-23711.jpg.jpg'),('chap-237',24,'chap-23712.jpg.jpg'),('chap-237',24,'chap-23713.jpg.jpg'),('chap-237',24,'chap-23714.jpg.jpg'),('chap-237',24,'chap-23715.jpg.jpg'),('chap-237',24,'chap-23716.jpg.jpg'),('chap-237',24,'chap-23717.jpg.jpg'),('chap-237',24,'chap-23718.jpg.jpg'),('chap-237',24,'chap-23719.jpg.jpg'),('chap-237',24,'chap-2372.jpg.jpg'),('chap-237',24,'chap-23720.jpg.jpg'),('chap-237',24,'chap-23721.jpg.jpg'),('chap-237',24,'chap-23722.jpg.jpg'),('chap-237',24,'chap-23723.jpg.jpg'),('chap-237',24,'chap-23724.jpg.jpg'),('chap-237',24,'chap-23725.jpg.jpg'),('chap-237',24,'chap-2373.jpg.jpg'),('chap-237',24,'chap-2374.jpg.jpg'),('chap-237',24,'chap-2375.jpg.jpg'),('chap-237',24,'chap-2376.jpg.jpg'),('chap-237',24,'chap-2377.jpg.jpg'),('chap-237',24,'chap-2378.jpg.jpg'),('chap-237',24,'chap-2379.jpg.jpg'),('chap-23',21,'chap-238.jpg.jpg'),('chap-238',24,'chap-2380.jpg.jpg'),('chap-238',24,'chap-2381.jpg.jpg'),('chap-238',24,'chap-23810.jpg.jpg'),('chap-238',24,'chap-23811.jpg.jpg'),('chap-238',24,'chap-23812.jpg.jpg'),('chap-238',24,'chap-23813.jpg.jpg'),('chap-238',24,'chap-23814.jpg.jpg'),('chap-238',24,'chap-23815.jpg.jpg'),('chap-238',24,'chap-23816.jpg.jpg'),('chap-238',24,'chap-23817.jpg.jpg'),('chap-238',24,'chap-23818.jpg.jpg'),('chap-238',24,'chap-23819.jpg.jpg'),('chap-238',24,'chap-2382.jpg.jpg'),('chap-238',24,'chap-23820.jpg.jpg'),('chap-238',24,'chap-23821.jpg.jpg'),('chap-238',24,'chap-23822.jpg.jpg'),('chap-238',24,'chap-23823.jpg.jpg'),('chap-238',24,'chap-23824.jpg.jpg'),('chap-238',24,'chap-23825.jpg.jpg'),('chap-238',24,'chap-23826.jpg.jpg'),('chap-238',24,'chap-2383.jpg.jpg'),('chap-238',24,'chap-2384.jpg.jpg'),('chap-238',24,'chap-2385.jpg.jpg'),('chap-238',24,'chap-2386.jpg.jpg'),('chap-238',24,'chap-2387.jpg.jpg'),('chap-238',24,'chap-2388.jpg.jpg'),('chap-238',24,'chap-2389.jpg.jpg'),('chap-23',21,'chap-239.jpg.jpg'),('chap-239',24,'chap-2390.jpg.jpg'),('chap-239',24,'chap-2391.jpg.jpg'),('chap-239',24,'chap-23910.jpg.jpg'),('chap-239',24,'chap-23911.jpg.jpg'),('chap-239',24,'chap-23912.jpg.jpg'),('chap-239',24,'chap-23913.jpg.jpg'),('chap-239',24,'chap-23914.jpg.jpg'),('chap-239',24,'chap-23915.jpg.jpg'),('chap-239',24,'chap-23916.jpg.jpg'),('chap-239',24,'chap-23917.jpg.jpg'),('chap-239',24,'chap-23918.jpg.jpg'),('chap-239',24,'chap-23919.jpg.jpg'),('chap-239',24,'chap-2392.jpg.jpg'),('chap-239',24,'chap-23920.jpg.jpg'),('chap-239',24,'chap-23921.jpg.jpg'),('chap-239',24,'chap-23922.jpg.jpg'),('chap-239',24,'chap-23923.jpg.jpg'),('chap-239',24,'chap-23924.jpg.jpg'),('chap-239',24,'chap-23925.jpg.jpg'),('chap-239',24,'chap-2393.jpg.jpg'),('chap-239',24,'chap-2394.jpg.jpg'),('chap-239',24,'chap-2395.jpg.jpg'),('chap-239',24,'chap-2396.jpg.jpg'),('chap-239',24,'chap-2397.jpg.jpg'),('chap-239',24,'chap-2398.jpg.jpg'),('chap-239',24,'chap-2399.jpg.jpg'),('chap-304',22,'chap-3040.jpg.jpg'),('chap-304',22,'chap-3041.jpg.jpg'),('chap-304',22,'chap-30410.jpg.jpg'),('chap-304',22,'chap-30411.jpg.jpg'),('chap-304',22,'chap-30412.jpg.jpg'),('chap-304',22,'chap-3042.jpg.jpg'),('chap-304',22,'chap-3043.jpg.jpg'),('chap-304',22,'chap-3044.jpg.jpg'),('chap-304',22,'chap-3045.jpg.jpg'),('chap-304',22,'chap-3046.jpg.jpg'),('chap-304',22,'chap-3047.jpg.jpg'),('chap-304',22,'chap-3048.jpg.jpg'),('chap-304',22,'chap-3049.jpg.jpg'),('chap-305',22,'chap-3050.jpg.jpg'),('chap-305',22,'chap-3051.jpg.jpg'),('chap-305',22,'chap-30510.jpg.jpg'),('chap-305',22,'chap-3052.jpg.jpg'),('chap-305',22,'chap-3053.jpg.jpg'),('chap-305',22,'chap-3054.jpg.jpg'),('chap-305',22,'chap-3055.jpg.jpg'),('chap-305',22,'chap-3056.jpg.jpg'),('chap-305',22,'chap-3057.jpg.jpg'),('chap-305',22,'chap-3058.jpg.jpg'),('chap-305',22,'chap-3059.jpg.jpg'),('chap-306',22,'chap-3060.jpg.jpg'),('chap-306',22,'chap-3061.jpg.jpg'),('chap-306',22,'chap-3062.jpg.jpg'),('chap-306',22,'chap-3063.jpg.jpg'),('chap-306',22,'chap-3064.jpg.jpg'),('chap-306',22,'chap-3065.jpg.jpg'),('chap-306',22,'chap-3066.jpg.jpg'),('chap-306',22,'chap-3067.jpg.jpg'),('chap-306',22,'chap-3068.jpg.jpg'),('chap-306',22,'chap-3069.jpg.jpg'),('chap-307',22,'chap-3070.jpg.jpg'),('chap-307',22,'chap-3071.jpg.jpg'),('chap-307',22,'chap-30710.jpg.jpg'),('chap-307',22,'chap-3072.jpg.jpg'),('chap-307',22,'chap-3073.jpg.jpg'),('chap-307',22,'chap-3074.jpg.jpg'),('chap-307',22,'chap-3075.jpg.jpg'),('chap-307',22,'chap-3076.jpg.jpg'),('chap-307',22,'chap-3077.jpg.jpg'),('chap-307',22,'chap-3078.jpg.jpg'),('chap-307',22,'chap-3079.jpg.jpg'),('chap-308',22,'chap-3080.jpg.jpg'),('chap-308',22,'chap-3081.jpg.jpg'),('chap-308',22,'chap-30810.jpg.jpg'),('chap-308',22,'chap-3082.jpg.jpg'),('chap-308',22,'chap-3083.jpg.jpg'),('chap-308',22,'chap-3084.jpg.jpg'),('chap-308',22,'chap-3085.jpg.jpg'),('chap-308',22,'chap-3086.jpg.jpg'),('chap-308',22,'chap-3087.jpg.jpg'),('chap-308',22,'chap-3088.jpg.jpg'),('chap-308',22,'chap-3089.jpg.jpg'),('chap-356',23,'chap-3560.jpg.jpg'),('chap-356',23,'chap-3561.jpg.jpg'),('chap-356',23,'chap-35610.jpg.jpg'),('chap-356',23,'chap-35611.jpg.jpg'),('chap-356',23,'chap-35612.jpg.jpg'),('chap-356',23,'chap-35613.jpg.jpg'),('chap-356',23,'chap-3562.jpg.jpg'),('chap-356',23,'chap-3563.jpg.jpg'),('chap-356',23,'chap-3564.jpg.jpg'),('chap-356',23,'chap-3565.jpg.jpg'),('chap-356',23,'chap-3566.jpg.jpg'),('chap-356',23,'chap-3567.jpg.jpg'),('chap-356',23,'chap-3568.jpg.jpg'),('chap-356',23,'chap-3569.jpg.jpg'),('chap-357',23,'chap-3570.jpg.jpg'),('chap-357',23,'chap-3571.jpg.jpg'),('chap-357',23,'chap-35710.jpg.jpg'),('chap-357',23,'chap-35711.jpg.jpg'),('chap-357',23,'chap-35712.jpg.jpg'),('chap-357',23,'chap-35713.jpg.jpg'),('chap-357',23,'chap-3572.jpg.jpg'),('chap-357',23,'chap-3573.jpg.jpg'),('chap-357',23,'chap-3574.jpg.jpg'),('chap-357',23,'chap-3575.jpg.jpg'),('chap-357',23,'chap-3576.jpg.jpg'),('chap-357',23,'chap-3577.jpg.jpg'),('chap-357',23,'chap-3578.jpg.jpg'),('chap-357',23,'chap-3579.jpg.jpg'),('chap-358',23,'chap-3580.jpg.jpg'),('chap-358',23,'chap-3581.jpg.jpg'),('chap-358',23,'chap-35810.jpg.jpg'),('chap-358',23,'chap-35811.jpg.jpg'),('chap-358',23,'chap-35812.jpg.jpg'),('chap-358',23,'chap-35813.jpg.jpg'),('chap-358',23,'chap-3582.jpg.jpg'),('chap-358',23,'chap-3583.jpg.jpg'),('chap-358',23,'chap-3584.jpg.jpg'),('chap-358',23,'chap-3585.jpg.jpg'),('chap-358',23,'chap-3586.jpg.jpg'),('chap-358',23,'chap-3587.jpg.jpg'),('chap-358',23,'chap-3588.jpg.jpg'),('chap-358',23,'chap-3589.jpg.jpg'),('chap-359',23,'chap-3590.jpg.jpg'),('chap-359',23,'chap-3591.jpg.jpg'),('chap-359',23,'chap-35910.jpg.jpg'),('chap-359',23,'chap-35911.jpg.jpg'),('chap-359',23,'chap-35912.jpg.jpg'),('chap-359',23,'chap-35913.jpg.jpg'),('chap-359',23,'chap-35914.jpg.jpg'),('chap-359',23,'chap-3592.jpg.jpg'),('chap-359',23,'chap-3593.jpg.jpg'),('chap-359',23,'chap-3594.jpg.jpg'),('chap-359',23,'chap-3595.jpg.jpg'),('chap-359',23,'chap-3596.jpg.jpg'),('chap-359',23,'chap-3597.jpg.jpg'),('chap-359',23,'chap-3598.jpg.jpg'),('chap-359',23,'chap-3599.jpg.jpg'),('chap-360',23,'chap-3600.jpg.jpg'),('chap-360',23,'chap-3601.jpg.jpg'),('chap-360',23,'chap-36010.jpg.jpg'),('chap-360',23,'chap-36011.jpg.jpg'),('chap-360',23,'chap-36012.jpg.jpg'),('chap-360',23,'chap-3602.jpg.jpg'),('chap-360',23,'chap-3603.jpg.jpg'),('chap-360',23,'chap-3604.jpg.jpg'),('chap-360',23,'chap-3605.jpg.jpg'),('chap-360',23,'chap-3606.jpg.jpg'),('chap-360',23,'chap-3607.jpg.jpg'),('chap-360',23,'chap-3608.jpg.jpg'),('chap-360',23,'chap-3609.jpg.jpg'),('chap-40',26,'chap-400.jpg.jpg'),('chap-40',26,'chap-401.jpg.jpg'),('chap-40',26,'chap-4010.jpg.jpg'),('chap-40',26,'chap-4011.jpg.jpg'),('chap-40',26,'chap-402.jpg.jpg'),('chap-40',26,'chap-403.jpg.jpg'),('chap-40',26,'chap-404.jpg.jpg'),('chap-40',26,'chap-405.jpg.jpg'),('chap-40',26,'chap-406.jpg.jpg'),('chap-40',26,'chap-407.jpg.jpg'),('chap-40',26,'chap-408.jpg.jpg'),('chap-40',26,'chap-409.jpg.jpg'),('chap-41',26,'chap-410.jpg.jpg'),('chap-41',26,'chap-411.jpg.jpg'),('chap-41',26,'chap-4110.jpg.jpg'),('chap-41',26,'chap-412.jpg.jpg'),('chap-41',26,'chap-413.jpg.jpg'),('chap-41',26,'chap-414.jpg.jpg'),('chap-41',26,'chap-415.jpg.jpg'),('chap-41',26,'chap-416.jpg.jpg'),('chap-41',26,'chap-417.jpg.jpg'),('chap-41',26,'chap-418.jpg.jpg'),('chap-41',26,'chap-419.jpg.jpg'),('chap-42',26,'chap-420.jpg.jpg'),('chap-42',26,'chap-421.jpg.jpg'),('chap-42',26,'chap-4210.jpg.jpg'),('chap-42',26,'chap-4211.jpg.jpg'),('chap-42',26,'chap-4212.jpg.jpg'),('chap-42',26,'chap-422.jpg.jpg'),('chap-42',26,'chap-423.jpg.jpg'),('chap-42',26,'chap-424.jpg.jpg'),('chap-42',26,'chap-425.jpg.jpg'),('chap-42',26,'chap-426.jpg.jpg'),('chap-42',26,'chap-427.jpg.jpg'),('chap-42',26,'chap-428.jpg.jpg'),('chap-42',26,'chap-429.jpg.jpg'),('chap-43',26,'chap-430.jpg.jpg'),('chap-43',26,'chap-431.jpg.jpg'),('chap-43',26,'chap-4310.jpg.jpg'),('chap-43',26,'chap-4311.jpg.jpg'),('chap-43',26,'chap-432.jpg.jpg'),('chap-43',26,'chap-433.jpg.jpg'),('chap-43',26,'chap-434.jpg.jpg'),('chap-43',26,'chap-435.jpg.jpg'),('chap-43',26,'chap-436.jpg.jpg'),('chap-43',26,'chap-437.jpg.jpg'),('chap-43',26,'chap-438.jpg.jpg'),('chap-43',26,'chap-439.jpg.jpg'),('chap-44',26,'chap-440.jpg.jpg'),('chap-44',26,'chap-441.jpg.jpg'),('chap-44',26,'chap-442.jpg.jpg'),('chap-45',19,'chap-450.jpg'),('chap-45',19,'chap-451.jpg'),('chap-45',19,'chap-4510.jpg'),('chap-45',19,'chap-4511.jpg'),('chap-45',19,'chap-4512.jpg'),('chap-45',19,'chap-4513.jpg'),('chap-45',19,'chap-452.jpg'),('chap-45',19,'chap-453.jpg'),('chap-45',19,'chap-454.jpg'),('chap-45',19,'chap-455.jpg'),('chap-45',19,'chap-456.jpg'),('chap-45',19,'chap-457.jpg'),('chap-45',19,'chap-458.jpg'),('chap-45',19,'chap-459.jpg'),('chap-46',19,'chap-460.jpg'),('chap-46',19,'chap-461.jpg'),('chap-46',19,'chap-4610.jpg'),('chap-46',19,'chap-4611.jpg'),('chap-46',19,'chap-462.jpg'),('chap-46',19,'chap-463.jpg'),('chap-46',19,'chap-464.jpg'),('chap-46',19,'chap-465.jpg'),('chap-46',19,'chap-466.jpg'),('chap-46',19,'chap-467.jpg'),('chap-46',19,'chap-468.jpg'),('chap-46',19,'chap-469.jpg'),('chap-47',19,'chap-470.jpg'),('chap-47',19,'chap-471.jpg'),('chap-47',19,'chap-4710.jpg'),('chap-47',19,'chap-4711.jpg'),('chap-47',19,'chap-4712.jpg'),('chap-47',19,'chap-472.jpg'),('chap-47',19,'chap-473.jpg'),('chap-47',19,'chap-474.jpg'),('chap-47',19,'chap-475.jpg'),('chap-47',19,'chap-476.jpg'),('chap-47',19,'chap-477.jpg'),('chap-47',19,'chap-478.jpg'),('chap-47',19,'chap-479.jpg'),('chap-48',19,'chap-480.jpg'),('chap-48',19,'chap-481.jpg'),('chap-48',19,'chap-4810.jpg'),('chap-48',19,'chap-4811.jpg'),('chap-48',19,'chap-482.jpg'),('chap-48',19,'chap-483.jpg'),('chap-48',19,'chap-484.jpg'),('chap-48',19,'chap-485.jpg'),('chap-48',19,'chap-486.jpg'),('chap-48',19,'chap-487.jpg'),('chap-48',19,'chap-488.jpg'),('chap-48',19,'chap-489.jpg'),('chap-49',19,'chap-490.jpg'),('chap-49',19,'chap-491.jpg'),('chap-49',19,'chap-4910.jpg'),('chap-49',19,'chap-4911.jpg'),('chap-49',19,'chap-4912.jpg'),('chap-49',19,'chap-4913.jpg'),('chap-49',19,'chap-492.jpg'),('chap-49',19,'chap-493.jpg'),('chap-49',19,'chap-494.jpg'),('chap-49',19,'chap-495.jpg'),('chap-49',19,'chap-496.jpg'),('chap-49',19,'chap-497.jpg'),('chap-49',19,'chap-498.jpg'),('chap-49',19,'chap-499.jpg'),('chap-50',19,'chap-500.jpg'),('chap-50',19,'chap-501.jpg'),('chap-50',19,'chap-5010.jpg'),('chap-50',19,'chap-502.jpg'),('chap-50',19,'chap-503.jpg'),('chap-50',19,'chap-504.jpg'),('chap-50',19,'chap-505.jpg'),('chap-50',19,'chap-506.jpg'),('chap-50',19,'chap-507.jpg'),('chap-50',19,'chap-508.jpg'),('chap-50',19,'chap-509.jpg'),('chap-51',19,'chap-510.jpg'),('chap-51',19,'chap-511.jpg'),('chap-51',19,'chap-5110.jpg'),('chap-51',19,'chap-5111.jpg'),('chap-51',19,'chap-512.jpg'),('chap-51',19,'chap-513.jpg'),('chap-51',19,'chap-514.jpg'),('chap-51',19,'chap-515.jpg'),('chap-51',19,'chap-516.jpg'),('chap-51',19,'chap-517.jpg'),('chap-51',19,'chap-518.jpg'),('chap-51',19,'chap-519.jpg'),('chap-52',19,'chap-520.jpg'),('chap-52',19,'chap-521.jpg'),('chap-52',19,'chap-5210.jpg'),('chap-52',19,'chap-5211.jpg'),('chap-52',19,'chap-5212.jpg'),('chap-52',19,'chap-5213.jpg'),('chap-52',19,'chap-522.jpg'),('chap-52',19,'chap-523.jpg'),('chap-52',19,'chap-524.jpg'),('chap-52',19,'chap-525.jpg'),('chap-52',19,'chap-526.jpg'),('chap-52',19,'chap-527.jpg'),('chap-52',19,'chap-528.jpg'),('chap-52',19,'chap-529.jpg'),('chap-53',19,'chap-530.jpg'),('chap-53',19,'chap-531.jpg'),('chap-53',19,'chap-5310.jpg'),('chap-53',19,'chap-5311.jpg'),('chap-53',19,'chap-532.jpg'),('chap-53',19,'chap-533.jpg'),('chap-53',19,'chap-534.jpg'),('chap-53',19,'chap-535.jpg'),('chap-53',19,'chap-536.jpg'),('chap-53',19,'chap-537.jpg'),('chap-53',19,'chap-538.jpg'),('chap-53',19,'chap-539.jpg'),('chap-54',19,'chap-540.jpg'),('chap-54',19,'chap-541.jpg'),('chap-54',19,'chap-5410.jpg'),('chap-54',19,'chap-542.jpg'),('chap-54',19,'chap-543.jpg'),('chap-54',19,'chap-544.jpg'),('chap-54',19,'chap-545.jpg'),('chap-54',19,'chap-546.jpg'),('chap-54',19,'chap-547.jpg'),('chap-54',19,'chap-548.jpg'),('chap-54',19,'chap-549.jpg'),('chap-55',19,'chap-550.jpg'),('chap-55',19,'chap-551.jpg'),('chap-55',19,'chap-5510.jpg'),('chap-55',19,'chap-5511.jpg'),('chap-55',19,'chap-5512.jpg'),('chap-55',19,'chap-5513.jpg'),('chap-55',19,'chap-5514.jpg'),('chap-55',19,'chap-552.jpg'),('chap-55',19,'chap-553.jpg'),('chap-55',19,'chap-554.jpg'),('chap-55',19,'chap-555.jpg'),('chap-55',19,'chap-556.jpg'),('chap-55',19,'chap-557.jpg'),('chap-55',19,'chap-558.jpg'),('chap-55',19,'chap-559.jpg'),('chap-56',19,'chap-560.jpg'),('chap-56',19,'chap-561.jpg'),('chap-56',19,'chap-5610.jpg'),('chap-56',19,'chap-5611.jpg'),('chap-56',19,'chap-5612.jpg'),('chap-56',19,'chap-5613.jpg'),('chap-56',19,'chap-5614.jpg'),('chap-56',19,'chap-562.jpg'),('chap-56',19,'chap-563.jpg'),('chap-56',19,'chap-564.jpg'),('chap-56',19,'chap-565.jpg'),('chap-56',19,'chap-566.jpg'),('chap-56',19,'chap-567.jpg'),('chap-56',19,'chap-568.jpg'),('chap-56',19,'chap-569.jpg'),('chap-57',19,'chap-570.jpg'),('chap-57',19,'chap-571.jpg'),('chap-57',19,'chap-5710.jpg'),('chap-57',19,'chap-5711.jpg'),('chap-57',19,'chap-5712.jpg'),('chap-57',19,'chap-572.jpg'),('chap-57',19,'chap-573.jpg'),('chap-57',19,'chap-574.jpg'),('chap-57',19,'chap-575.jpg'),('chap-57',19,'chap-576.jpg'),('chap-57',19,'chap-577.jpg'),('chap-57',19,'chap-578.jpg'),('chap-57',19,'chap-579.jpg'),('chap-58',19,'chap-580.jpg'),('chap-58',19,'chap-581.jpg'),('chap-58',19,'chap-5810.jpg'),('chap-58',19,'chap-5811.jpg'),('chap-58',19,'chap-5812.jpg'),('chap-58',19,'chap-582.jpg'),('chap-58',19,'chap-583.jpg'),('chap-58',19,'chap-584.jpg'),('chap-58',19,'chap-585.jpg'),('chap-58',19,'chap-586.jpg'),('chap-58',19,'chap-587.jpg'),('chap-58',19,'chap-588.jpg'),('chap-58',19,'chap-589.jpg');
/*!40000 ALTER TABLE `chapter_content` ENABLE KEYS */;
UNLOCK TABLES;
/*!40103 SET TIME_ZONE=@OLD_TIME_ZONE */;

/*!40101 SET SQL_MODE=@OLD_SQL_MODE */;
/*!40014 SET FOREIGN_KEY_CHECKS=@OLD_FOREIGN_KEY_CHECKS */;
/*!40014 SET UNIQUE_CHECKS=@OLD_UNIQUE_CHECKS */;
/*!40101 SET CHARACTER_SET_CLIENT=@OLD_CHARACTER_SET_CLIENT */;
/*!40101 SET CHARACTER_SET_RESULTS=@OLD_CHARACTER_SET_RESULTS */;
/*!40101 SET COLLATION_CONNECTION=@OLD_COLLATION_CONNECTION */;
/*!40111 SET SQL_NOTES=@OLD_SQL_NOTES */;

-- Dump completed on 2020-12-15 15:43:48
